galaxy,Newton,Square-Rule (original),RAR (McGaugh 2016),MOND (simple mu),Three-phase,Three-phase hybrid,Three-phase (gas exponent 0.55)
CamB,45.04,131.8,899.3,902,732.6,732.6,862.2
D512-2,94.5,37.67,7.696,7.771,3.188,3.188,8.141
D564-8,236.1,116.9,92.89,93.08,71.88,71.88,123.7
D631-7,1693,802.4,413.9,417.6,255.4,255.4,320.7
DDO064,180.8,67.77,4.285,4.33,5.02,5.02,4.169
DDO154,7.04e+04,3.602e+04,501,511.6,91.27,91.27,740.5
DDO161,1.152e+04,3841,3782,3807,2250,2250,3836
DDO168,1609,515.9,248.1,252.3,123.9,123.9,140.8
DDO170,4795,1813,965.1,970.6,568.3,568.3,1092
ESO079-G014,5927,1367,189.5,176.2,948.8,943.2,902
ESO116-G012,4945,2013,264.9,257.9,664,664.5,551.8
ESO444-G084,1995,1219,229.6,228.2,329.8,329.8,252.1
ESO563-G021,7372,4477,1810,1699,4527,4250,4502
F561-1,21.9,13.22,216.8,218.1,154,154,184.9
F563-1,539,346.8,54.26,54.06,71.41,71.41,53.16
F563-V1,5.878,6.244,188.9,189.3,158,158,196.8
F563-V2,226.6,137,47.88,47.58,64.48,64.48,57.49
F565-V2,303,179.8,10.78,10.69,18.98,18.98,9.915
F567-2,64.74,24.88,23.88,23.98,16.49,16.49,24.88
F568-1,480.9,287.4,92.6,91.99,126.7,126.7,111.1
F568-3,531.6,227.3,47.11,47.18,50.46,50.46,47.82
F568-V1,683.7,443.6,154.8,154,197.9,197.9,174.1
F571-8,2151,1287,546.1,558.9,551.2,614.5,486
F571-V1,279,127.1,2.93,2.991,1.251,1.251,3.029
F574-1,1580,768.8,62.87,62.05,123.6,123.6,86.94
F574-2,0.4367,7.312,101.6,101.9,83.78,83.78,101
F579-V1,392.3,180.6,53.84,53.21,84.13,84.13,77.56
F583-1,1265,797.9,102.3,102.1,128,128,91.74
F583-4,458.7,180,9.053,9.281,1.36,1.36,5.77
IC2574,1.383e+04,4523,6854,6879,4879,4879,7666
IC4202,4833,2261,1235,1263,2766,2261,2765
KK98-251,320.3,42.8,380.5,382.6,258.3,258.3,361.3
NGC0024,2594,1443,353.2,346.3,541.6,569.7,473.8
NGC0055,2501,330.7,859.1,876.6,284.6,284.6,409.4
NGC0100,1082,394.6,33.36,34.1,39.12,39.12,23.78
NGC0247,9241,3581,143.8,140.6,467.5,467.5,307.2
NGC0289,4161,1129,231.7,235.3,155.7,142.3,245.5
NGC0300,4035,1966,94.54,92.78,245.4,245.4,145.4
NGC0801,2541,316.5,892.8,922.4,330.5,291,388.8
NGC0891,2955,1585,473.8,641.4,722.8,1585,722.8
NGC1003,2.133e+04,1.058e+04,299,307.5,146.3,145.3,219.2
NGC1090,9052,1293,725.7,763.7,89.84,100.2,167.4
NGC1705,1344,775.8,231.9,229.2,341.9,340.8,301
NGC2366,2336,557.9,523,529.5,236,236,378.4
NGC2403,3.193e+05,9.707e+04,9272,8627,4.12e+04,4.045e+04,3.677e+04
NGC2683,689.3,90.72,23.1,19.35,127.6,20.61,129.3
NGC2841,3.731e+04,1.638e+04,5119,4845,1.044e+04,8292,9708
NGC2903,2.504e+04,3377,582.7,582.2,4974,2272,4887
NGC2915,1770,1241,257.6,257.2,317.2,317,238.4
NGC2955,407.1,166.4,157,208.9,207.8,166.8,207.9
NGC2976,447.1,205.3,62.04,67.92,27.75,59.86,27.94
NGC2998,7591,1231,110.9,116.8,339.6,311.5,302.5
NGC3109,3718,2218,151.4,151,207.1,207.1,143.5
NGC3198,3.264e+04,8942,318.3,325.8,959.1,843.8,1080
NGC3521,621.2,192.2,42.55,29.76,229.3,187.8,228.6
NGC3726,577.2,144.2,235.6,254.7,41.55,84.01,42.92
NGC3741,2576,1686,38.33,38.31,58.1,58.1,14.19
NGC3769,645.8,165.2,38.53,42.31,14.77,32.67,20.63
NGC3877,413.6,353.2,142,156.9,101,296.6,101
NGC3893,497.4,49.33,14.09,12.68,126.7,37.06,125.6
NGC3917,2679,553.3,56.66,53.94,302.6,303.2,283.9
NGC3949,47.78,33.78,11.01,16.94,32.83,33.78,32.83
NGC3953,491.3,196.8,21.12,17.41,274.7,196.8,274.7
NGC3972,856.5,166.6,28.06,26.01,138.6,137.2,135.6
NGC3992,2587,605.5,116.6,104.1,391.9,337,372.5
NGC4010,675.3,96.7,36.54,38.9,55.22,49.21,51.72
NGC4013,5515,1664,172.3,210.1,397.2,502.7,342.6
NGC4051,78.67,91.68,63.46,71.06,20.02,76.88,20.02
NGC4068,96.47,5.404,125.8,127.2,68.74,68.74,87.87
NGC4085,99.27,60.32,77.58,88.09,29.42,60.32,29.42
NGC4088,148.5,368.7,363.3,398.8,82.49,368.4,82.74
NGC4100,3349,678.2,118.2,100.9,608.2,470,596.5
NGC4138,153.4,11,9.868,8.414,61.62,3.607,61.23
NGC4157,677.4,192.7,111.8,130.3,35.35,143.7,33.02
NGC4183,1743,494.7,60.66,61.46,65.52,65.54,74.29
NGC4214,657,329.1,92.95,90.9,156.7,156.5,140.8
NGC4217,818.7,1738,973.1,1102,533.8,1738,533.8
NGC4389,83.84,202.8,300.6,317,126,202.9,126
NGC4559,2508,347.3,319.6,335.6,40.36,48.09,71.16
NGC5005,40.71,17.81,9.293,15.4,40.71,17.81,40.71
NGC5033,2.089e+04,4734,467.9,425,2412,1935,2263
NGC5055,5.611e+04,2.045e+04,1.648e+04,1.987e+04,2109,1.095e+04,3468
NGC5371,2555,2369,2670,2841,1405,2478,1442
NGC5585,6956,2630,509.7,532.6,270.8,223.7,204.7
NGC5907,2.026e+04,3382,436.2,433.6,995.4,781.1,922.4
NGC5985,2.49e+04,1.02e+04,5966,5733,9765,9632,9719
NGC6015,2.011e+04,9206,1812,1629,4646,6017,4515
NGC6195,684.9,480.6,477.4,591.5,121.7,480.6,121.7
NGC6503,5.158e+04,1.999e+04,155.5,155.2,1769,1694,1052
NGC6674,3.388e+04,1.249e+04,604.6,562.2,2606,2458,2043
NGC6789,87.22,47.5,26.53,26.22,38.21,38.21,37.19
NGC6946,9335,2660,944.2,1270,1282,2639,1282
NGC7331,8698,1857,911.4,1169,483.2,1672,463.2
NGC7793,682.2,154.6,36.43,37.14,73.84,110.2,74.07
NGC7814,7284,1183,660,597.5,2018,1055,2001
PGC51017,9.336,65.8,725.5,727.7,588.3,588.3,703.7
UGC00128,1.349e+05,7.1e+04,2116,2105,3597,3597,2682
UGC00191,7398,2473,174.4,177.8,127.6,127.6,143.4
UGC00634,5903,2839,25.44,24.32,151,151,49.99
UGC00731,2334,1325,193.5,193.8,196.7,196.7,165.6
UGC00891,8923,4220,142.6,145.3,42.43,42.43,122
UGC01230,251.2,115.8,37.29,37.24,38.42,38.42,46.84
UGC01281,608.7,293.3,6.36,6.356,11.17,11.17,8.378
UGC02023,14.95,3.185,10.98,11.11,5.967,5.967,7.354
UGC02259,5364,2707,449.5,443.5,793.1,793.1,642.2
UGC02455,188.1,666.6,933.4,954.9,669.6,702.9,670.5
UGC02487,4.843e+04,1.907e+04,5439,5255,1.097e+04,1.011e+04,1.014e+04
UGC02885,2505,656.1,69.54,56.85,286.2,237,256.5
UGC02916,4870,9169,2725,3777,3319,9180,3324
UGC02953,2.793e+05,7.143e+04,3e+04,2.573e+04,9.116e+04,5.734e+04,8.985e+04
UGC03205,2.638e+04,6310,840.1,715.1,4592,3725,4373
UGC03546,3.047e+04,816,118,200.7,1479,676.2,1466
UGC03580,2.041e+04,8930,3485,3800,945.1,2945,891.8
UGC04278,1432,771.7,94.2,93.7,142.1,142.1,100.2
UGC04305,63.27,196.6,1374,1382,1006,1006,1161
UGC04325,1830,849.9,270.6,266.5,458.3,458.3,420.7
UGC04483,240,52.23,72.15,72.91,34.93,34.93,57.1
UGC04499,973.2,263.3,58.8,60.23,14.16,14.16,29.25
UGC05005,166,68.12,20.81,21,10.05,10.05,20.4
UGC05253,2.62e+04,3390,801.8,756.3,6901,2379,6885
UGC05414,380.4,69.08,49.43,50.72,10.57,10.57,18.37
UGC05716,3.065e+04,1.593e+04,478.8,475.5,883.1,883.1,571.5
UGC05721,1960,1084,322.9,318.5,488.8,487.5,437.7
UGC05750,157.4,59.43,28.38,28.54,17.43,17.43,30.23
UGC05764,2.202e+04,1.317e+04,2575,2559,3691,3691,2890
UGC05829,263.3,99.54,23.73,24.07,9.109,9.109,16.51
UGC05918,246.4,130.6,7.49,7.532,5.45,5.45,8.422
UGC05986,5309,2216,555.1,542,1162,1163,1061
UGC05999,392.4,153.1,21.78,22.07,11.01,11.01,16.3
UGC06399,645.8,273,11.92,11.54,40.37,40.37,26.31
UGC06446,1654,849.6,101.8,100.7,175.7,175.7,132.4
UGC06614,353.2,218.3,96.14,106.1,37.02,123.4,35.4
UGC06628,4.609,15.35,104,104.7,73.98,73.98,84.84
UGC06667,2018,1348,273.8,272.8,350.5,350.5,264
UGC06786,5.878e+04,2.429e+04,9094,8648,2.033e+04,1.692e+04,1.955e+04
UGC06787,1.042e+05,2.539e+04,1.699e+04,1.573e+04,4.388e+04,1.74e+04,4.305e+04
UGC06818,201.1,81.8,58.36,59.02,35.61,35.61,40.28
UGC06917,1417,460,25.7,24.51,116.6,116.9,92.11
UGC06923,183.3,27.95,9.383,9.98,7.735,7.347,6.518
UGC06930,573.9,158.6,17.91,18.24,18.02,18.02,17.93
UGC06973,656.7,1498,775,904.4,575.2,1498,575.2
UGC06983,1922,810.1,82.19,80.22,199.2,199.3,158.7
UGC07089,265.3,41.24,96.84,98.44,37.35,37.35,55.02
UGC07125,1052,125.7,1610,1618,1122,1122,1541
UGC07151,1287,269.2,32.53,32.98,76.17,76.17,67.23
UGC07232,72.74,20.56,6.787,6.76,12.48,12.48,11.61
UGC07261,238.7,79.38,4.387,4.324,12.58,12.58,10.09
UGC07323,370.1,38.91,41,42.77,5.822,5.822,7.171
UGC07399,3291,1995,837.9,831.4,1138,1138,1050
UGC07524,3196,1247,119.4,121.1,67.94,67.94,88.79
UGC07559,64.69,10.23,62.83,63.23,40.27,40.27,56.23
UGC07577,5.351,5.333,140.9,141.2,117.3,117.3,146.3
