galaxy,n_points,sigma_fit,sigma_lo,sigma_hi,chi2,reduced_chi2,at_bound
UGC02455,8,1,,1.713,188.3,26.9,True
PGC51017,6,1,,1.618,8.591,1.718,True
NGC4389,6,1,,4.366,83.84,16.77,True
F574-2,5,1.048,,3.233,0.1362,0.03406,False
CamB,9,1.101,,1.724,41.27,5.159,False
F563-V1,6,2.511,1.169,4.357,1.797,0.3594,False
UGC07577,9,2.787,1.209,5.051,1.447,0.1809,False
UGC04305,22,2.907,2.159,3.721,50.57,2.408,False
UGC06628,7,3.363,,6.895,3.462,0.5771,False
F561-1,6,7.568,5.27,10.33,4.862,0.9725,False
UGC07125,13,20.45,19.24,21.71,35.92,2.993,False
KK98-251,15,23.7,21.15,26.45,12.16,0.8685,False
NGC4068,6,26.39,21.81,31.54,6.204,1.241,False
UGC07559,7,26.79,20.62,34.1,2.421,0.4035,False
NGC4088,12,28.95,25.75,32.31,27.14,2.467,False
IC2574,34,34.39,33.71,35.07,660,20,False
D564-8,6,34.44,29.03,40.54,8.756,1.751,False
UGC02023,5,35.49,19.96,57.39,2.296,0.5739,False
UGC06973,9,37.59,32.83,42.56,598.3,74.79,False
NGC4217,19,37.9,34.8,41.13,613.1,34.06,False
DDO161,31,41.29,40.42,42.18,95.52,3.184,False
NGC5371,19,41.36,40.15,42.58,375.5,20.86,False
F567-2,5,41.54,30.45,55.21,5.243,1.311,False
UGC07089,12,45.58,40.22,51.4,5.496,0.4996,False
UGC04483,8,46.24,40.19,52.9,2.784,0.3977,False
NGC0055,21,48.08,46.23,49.99,62.09,3.105,False
DDO170,8,49.44,47.76,51.16,32.82,4.688,False
NGC4051,7,50.56,43.31,58.38,8.396,1.399,False
NGC6195,23,51.99,49.28,54.77,54.68,2.486,False
NGC0801,13,53.33,51.47,55.24,118.2,9.846,False
NGC2366,26,53.48,51.13,55.9,66.68,2.667,False
NGC3726,12,53.93,50.32,57.68,29.92,2.72,False
NGC4085,7,54.69,46.73,63.25,33.93,5.654,False
UGC05750,11,55.5,45.63,66.79,5.997,0.5997,False
D631-7,16,57.06,53.71,60.56,205.6,13.71,False
NGC5055,28,57.4,56.98,57.83,1504,55.69,False
UGC06818,8,58.35,49.23,68.59,32.51,4.645,False
UGC05005,11,60.4,49.85,72.45,2.7,0.27,False
UGC06614,13,60.97,55.02,67.3,31.99,2.666,False
UGC05414,6,65.42,58.75,72.59,5.11,1.022,False
NGC4559,32,67.3,64.73,69.93,16.65,0.5372,False
UGC02916,43,69.46,68.07,70.87,1595,37.97,False
NGC4157,17,70.6,66.13,75.24,17.66,1.104,False
UGC05829,11,70.79,61.04,81.58,6.272,0.6272,False
DDO168,10,70.97,67.09,75,130.5,14.5,False
UGC07323,10,71.56,64.6,79.01,5.671,0.6301,False
UGC03580,47,74.2,73.06,75.35,2197,47.76,False
NGC3877,13,75.38,69.85,81.13,87.26,7.272,False
NGC1090,24,75.57,74.02,77.15,64.27,2.794,False
UGC04499,9,77.79,72.43,83.43,9.378,1.172,False
NGC2955,24,78.01,72.65,83.51,99.14,4.31,False
NGC3949,7,80.84,67.43,95.28,3.301,0.5502,False
NGC7331,36,82.82,81.35,84.3,318.4,9.098,False
NGC6946,58,83.58,82.34,84.83,122.6,2.151,False
NGC3769,12,83.7,77.14,90.62,11.76,1.069,False
NGC0289,28,84.19,81.34,87.09,88.63,3.283,False
NGC2976,27,84.71,78.48,91.22,32.57,1.253,False
UGC05999,5,84.95,75.13,95.65,10.97,2.742,False
NGC0891,18,88.2,85.85,90.59,289.7,17.04,False
UGC01230,11,89.93,76.01,105.6,33.17,3.317,False
NGC5585,24,91.24,88.82,93.71,368.1,16.01,False
F583-4,12,91.73,81.88,102.4,1.249,0.1136,False
UGC06923,6,92.31,79.4,106.6,5.023,1.005,False
UGC07524,31,92.9,89.02,96.89,69.76,2.325,False
NGC4183,23,96.91,91.83,102.2,38.25,1.739,False
UGC00891,5,97.19,94.62,99.82,55.65,13.91,False
UGC00191,9,97.71,95.11,100.4,91.57,11.45,False
NGC4013,36,98.25,95.7,100.8,88.63,2.532,False
UGC06930,10,98.83,89.95,108.3,11.65,1.294,False
UGC05918,8,98.94,83.29,116.6,5.615,0.8022,False
NGC4010,12,99.38,92.12,107,27.35,2.486,False
F571-V1,7,101.3,86.89,117.2,1.039,0.1731,False
DDO154,12,102.3,101.3,103.3,106.3,9.666,False
NGC1003,36,103.3,101.6,105.2,187,5.342,False
NGC2998,13,105.1,102.6,107.5,58.9,4.908,False
DDO064,14,108.5,90.59,128.9,3.714,0.2857,False
NGC5907,19,108.8,107.2,110.3,350,19.44,False
NGC3198,43,110.7,109.4,112,226.9,5.402,False
F568-3,18,111.5,100,123.9,46.15,2.715,False
UGC07151,11,111.5,105.1,118.2,29.33,2.933,False
NGC0100,21,113.9,106.1,122.1,31.95,1.597,False
NGC7793,46,115.8,108,123.9,35.47,0.7883,False
UGC03546,30,116.6,115.5,117.8,81.36,2.805,False
NGC5005,18,119.2,96.03,144.3,9.259,0.5446,False
UGC01281,23,120.4,108.4,133.4,6.293,0.2861,False
UGC00731,12,124.8,117.9,132,193.5,17.59,False
UGC07261,7,126.7,108.9,146.6,4.36,0.7267,False
NGC2683,11,128.9,120,138.3,22.76,2.276,False
UGC00128,22,129.7,128.8,130.6,2074,98.74,False
NGC3953,8,134.4,125.3,143.8,19.72,2.817,False
UGC05716,12,134.5,132.5,136.5,448.5,40.77,False
NGC6503,31,135.1,133.7,136.5,85.19,2.84,False
NGC3917,17,139.1,133.6,144.8,48.45,3.028,False
NGC0247,26,143.2,139.7,146.8,110.2,4.406,False
NGC2903,34,143.4,141.8,145,411.6,12.47,False
IC4202,32,150.6,146.6,154.6,1185,38.22,False
UGC02885,19,151.2,144.8,157.7,48.7,2.706,False
NGC4138,7,152.5,131.2,175.9,7.979,1.33,False
NGC3741,21,153.9,145.3,162.8,24.34,1.217,False
NGC3893,10,154.2,142.5,166.6,6.761,0.7512,False
UGC05253,73,155.2,153.6,156.8,368.9,5.124,False
NGC5033,22,157.1,154.8,159.4,221.8,10.56,False
NGC3109,25,157.2,150.1,164.5,125.6,5.232,False
UGC06917,11,157.9,148.6,167.7,10.56,1.056,False
NGC6674,15,160,158,162,227,16.21,False
UGC03205,48,162,160,164.1,425,9.042,False
NGC4100,24,164,158.5,169.6,54.7,2.378,False
NGC3972,10,165.8,154.5,177.6,11.93,1.326,False
UGC06399,9,167.6,152,184.3,2.766,0.3457,False
NGC3521,41,170.6,159.9,181.6,20.53,0.5132,False
ESO079-G014,15,175.6,170.8,180.5,45.3,3.236,False
NGC0300,25,176.8,169.9,184,22.28,0.9284,False
F574-1,14,178.5,167.3,190.3,33.57,2.582,False
NGC3992,9,179.6,172.4,187.1,43.2,5.4,False
NGC2403,73,180.7,180,181.4,939.3,13.05,False
UGC06983,17,188.5,178.2,199.2,31.8,1.987,False
F571-8,13,188.6,177.8,199.9,500.3,41.7,False
UGC04278,25,194.3,181,208.2,57.43,2.393,False
NGC6015,44,196.2,193.4,199,931.3,21.66,False
F583-1,25,197,181.6,213.4,72.76,3.032,False
F565-V2,7,206.7,175.8,241.4,1.631,0.2718,False
UGC06446,17,207.1,194.1,220.7,46.19,2.887,False
F579-V1,14,214.4,188.3,243.1,38.01,2.924,False
ESO116-G012,15,216.7,209.4,224.2,35.22,2.516,False
NGC7814,18,237.1,231.7,242.6,20.96,1.233,False
UGC02953,115,249,248,249.9,1867,16.38,False
UGC02259,8,260.8,251.7,270.2,88.8,12.69,False
F563-1,17,265.2,233.6,299.8,23.66,1.478,False
UGC05986,15,287.2,277.8,296.8,48.17,3.44,False
UGC02487,17,297.6,294.4,300.9,378.3,23.65,False
UGC06787,71,306.2,304.2,308.1,1920,27.43,False
UGC04325,8,317.5,299.2,336.6,74.23,10.6,False
NGC2841,50,327.4,323.4,331.5,493.4,10.07,False
UGC05764,10,337,330.7,343.4,374.6,41.62,False
NGC4214,14,341.1,309,375.5,11.89,0.9146,False
NGC0024,29,347.9,330.3,366.2,51.02,1.822,False
UGC06786,45,349.5,346.3,352.8,82.77,1.881,False
ESO563-G021,30,352.1,343.5,360.7,512.3,17.67,False
ESO444-G084,7,356.5,334.8,379.3,12.47,2.078,False
UGC06667,9,383.3,358.9,408.9,49.52,6.19,False
UGC05721,23,404.9,381,429.8,43.54,1.979,False
NGC2915,30,416.8,387.8,447.4,46.49,1.603,False
NGC5985,33,420.6,414.6,426.7,972.1,30.38,False
NGC1705,14,472.1,438.1,507.9,2.643,0.2033,False
F568-1,12,478,420.3,541.4,12.95,1.177,False
F563-V2,10,505.3,417.6,605.8,8.394,0.9327,False
F568-V1,15,600.3,536.5,669.6,19.84,1.417,False
UGC07399,10,712.3,678.5,747.4,13.08,1.453,False
